﻿{"cameraMode":{"drawMode":0,"name":"Shaded","section":"Shading Mode"},"sceneLighting":true,"audioPlay":false,"sceneViewState":{"showFog":true,"showMaterialUpdate":false,"showSkybox":true,"showFlares":true,"showImageEffects":true,"showParticleSystems":true},"in2DMode":false,"pivot":{"x":1.2505043745040894,"y":-8.354024887084961,"z":15.872557640075684},"rotation":{"x":-0.331392765045166,"y":0.013298162259161473,"z":-0.0046770572662353519,"w":-0.9434006214141846},"size":47.268375396728519,"orthographic":false}